Label,# Samples,Average,Min,Max,Std. Dev.,Error %,Throughput,Received KB/sec,Sent KB/sec,Avg. Bytes
get_method,500,881,0,4285,613.66,0.000%,95.43806,15.75,14.07,169.0
user_info_2,500,1596,0,21042,2255.70,1.200%,21.53687,10.58,16.43,502.9
user_info_3,500,1444,0,21012,1099.08,3.400%,20.89515,9.00,15.61,441.0
object_info_1,500,1381,0,21038,1353.37,0.400%,19.33189,4.55,3.08,240.9
object_info_2,500,1235,0,21043,1360.16,0.400%,19.26040,9.12,3.11,485.0
object_info_3,500,1056,0,21052,1345.25,0.400%,19.41295,10.12,3.13,533.8
object_info_4,500,887,0,21039,1331.07,0.400%,20.43819,4.93,3.30,246.9
TOTAL,3500,1211,0,21052,1434.52,0.886%,121.61223,44.44,39.98,374.2
