Label,# Samples,Average,Min,Max,Std. Dev.,Error %,Throughput,Received KB/sec,Sent KB/sec,Avg. Bytes
get_method,50,109,0,192,31.22,0.000%,45.66210,7.54,6.73,169.0
user_info_2,50,113,0,180,27.19,0.000%,43.66812,20.30,33.77,476.0
user_info_3,50,121,0,237,33.45,0.000%,42.77160,15.45,33.21,370.0
object_info_1,50,110,0,197,28.68,0.000%,42.40882,9.57,6.79,231.0
object_info_2,50,107,0,210,29.17,0.000%,41.70142,19.38,6.76,476.0
object_info_3,50,106,0,216,29.01,0.000%,41.66667,21.36,6.75,525.0
object_info_4,50,106,0,170,26.85,0.000%,39.46330,9.13,6.40,237.0
TOTAL,350,110,0,237,29.84,0.000%,198.07583,68.64,66.32,354.9
